layer,dir,mode,c,swing,n_trials,n_pairs
2,probe,contrastive,0.05,-0.010762163978356947,240,120
5,probe,contrastive,0.05,-0.040261368893435484,240,120
8,probe,contrastive,0.05,-0.09099571191541235,240,120
11,probe,contrastive,0.05,-0.0015351238909235294,240,120
14,probe,contrastive,0.02,0.011384904352700289,240,120
14,probe,contrastive,0.04,0.020150817050631466,240,120
14,probe,contrastive,0.05,0.020414996720454152,240,120
14,probe,contrastive,0.06,0.01840788112562103,240,120
14,rand0,contrastive,0.05,0.02153739611450105,240,120
14,rand0,contrastive,0.06,0.012042625892072393,240,120
14,rand1,contrastive,0.05,0.0161241252648441,240,120
14,rand1,contrastive,0.06,0.025080187818571152,240,120
17,probe,contrastive,0.02,0.032684677311417436,240,120
17,probe,contrastive,0.04,0.11715109287743847,240,120
17,probe,contrastive,0.05,0.2364337803319135,240,120
17,probe,contrastive,0.06,0.32568802073045006,240,120
17,rand0,contrastive,0.05,-0.21077043323116637,240,120
17,rand0,contrastive,0.06,-0.25347654590644997,240,120
17,rand1,contrastive,0.05,0.0020783442696815126,240,120
17,rand1,contrastive,0.06,0.008674758944266699,240,120
20,cov0,contrastive,0.02,-0.019218664392306004,240,120
20,cov0,contrastive,0.05,-0.02793740520045896,240,120
20,cov1,contrastive,0.02,-0.004263904707783095,240,120
20,cov1,contrastive,0.05,-0.06101583047436458,240,120
20,cov2,contrastive,0.02,0.04326820381153769,240,120
20,cov2,contrastive,0.05,0.1547572453125747,240,120
20,probe,contrastive,0.02,0.3824369346966218,240,120
20,probe,contrastive,0.04,0.7384639215315542,240,120
20,probe,contrastive,0.05,0.8271315427205607,240,120
20,probe,contrastive,0.06,0.8874449443543734,240,120
20,rand0,contrastive,0.05,0.061307567799642776,240,120
20,rand0,contrastive,0.06,0.038189768865911855,240,120
20,rand1,contrastive,0.05,-0.07840908677136953,240,120
20,rand1,contrastive,0.06,-0.1117357182155609,240,120
20,rand2,contrastive,0.02,0.12015853545914723,240,120
20,rand2,contrastive,0.05,0.29688713778792847,240,120
20,rand3,contrastive,0.02,-0.04604975878173017,240,120
20,rand3,contrastive,0.05,-0.2017893262636902,240,120
20,rand4,contrastive,0.02,0.006328920289242459,240,120
20,rand4,contrastive,0.05,-0.013903983743600353,240,120
20,rand5,contrastive,0.02,-0.06827639335533643,240,120
20,rand5,contrastive,0.05,-0.16495560918819535,240,120
20,rand6,contrastive,0.02,-0.011241312993722588,240,120
20,rand6,contrastive,0.05,-0.0007597083884369024,240,120
20,rand7,contrastive,0.02,-0.027833946358752366,240,120
20,rand7,contrastive,0.05,-0.025250357097252544,240,120
20,shuf0,contrastive,0.02,-0.08010006301115517,240,120
20,shuf0,contrastive,0.05,-0.1225948475199814,240,120
20,shuf1,contrastive,0.02,0.03409291205609823,240,120
20,shuf1,contrastive,0.05,-0.08866143416587104,240,120
20,shuf2,contrastive,0.02,0.06374095387558008,240,120
20,shuf2,contrastive,0.05,0.20677062539576532,240,120
23,cov0,a_only,0.05,0.03953238257693846,240,120
23,cov0,contrastive,0.02,-3.165840490877055e-05,240,120
23,cov0,contrastive,0.05,-0.02350893862549931,240,120
23,cov0,contrastive+natsd,0.02,-0.002118916977139973,240,120
23,cov0,contrastive+natsd,0.05,-0.0011032905955939661,240,120
23,cov1,contrastive,0.02,0.04135071834423192,240,120
23,cov1,contrastive,0.05,0.10888255493929572,240,120
23,cov2,contrastive,0.02,-0.02505107585758305,240,120
23,cov2,contrastive,0.05,-0.09051421584282696,240,120
23,low0,contrastive,0.02,0.041612205795352845,240,120
23,low0,contrastive,0.05,0.09702170791844131,240,120
23,low1,contrastive,0.02,-0.12560743121440854,240,120
23,low1,contrastive,0.05,-0.17365381522375106,240,120
23,low2,contrastive,0.02,-0.07646493841976242,240,120
23,low2,contrastive,0.05,-0.2525617146236595,240,120
23,orth0,contrastive+natsd,0.02,-0.16881958310247225,240,120
23,orth0,contrastive+natsd,0.05,-0.4032292844943425,240,120
23,orth0,contrastive+seedname,0.05,-0.24335897590693473,240,120
23,orth1,contrastive+natsd,0.02,0.0325600040715731,240,120
23,orth1,contrastive+natsd,0.05,-0.0652829062798321,240,120
23,orth1,contrastive+seedname,0.05,0.030681298757986402,240,120
23,orth2,contrastive+seedname,0.05,-0.18455352987671272,240,120
23,orth3,contrastive+seedname,0.05,0.03263102148512909,240,120
23,probe,a_only,0.05,0.6569382189354295,240,120
23,probe,contrastive,0.001,0.04639605465537321,240,120
23,probe,contrastive,0.005,0.21427509402472256,240,120
23,probe,contrastive,0.02,0.7879083298369655,240,120
23,probe,contrastive,0.04,0.9520800061239338,240,120
23,probe,contrastive,0.05,0.9711587878717921,240,120
23,probe,contrastive,0.06,0.9956377378917296,240,120
23,rand0,a_only,0.05,0.13405850672416061,240,120
23,rand0,contrastive,0.05,0.286295502372815,240,120
23,rand0,contrastive,0.06,0.3458036173660883,240,120
23,rand0,contrastive+natsd,0.02,-0.2045574968073866,240,120
23,rand0,contrastive+natsd,0.05,-0.4486571279890898,240,120
23,rand0,contrastive+seedname,0.05,-0.2807200580291443,240,120
23,rand1,a_only,0.05,-0.14346315238722182,240,120
23,rand1,contrastive,0.05,-0.20302219606152944,240,120
23,rand1,contrastive,0.06,-0.24365283562383377,240,120
23,rand1,contrastive+natsd,0.02,0.045407467729592914,240,120
23,rand1,contrastive+natsd,0.05,-0.03844886125174281,240,120
23,rand1,contrastive+seedname,0.05,0.050334202566592844,240,120
23,rand2,contrastive,0.02,0.135951880817644,240,120
23,rand2,contrastive,0.05,0.5179680594937336,240,120
23,rand2,contrastive+natsd,0.02,-0.17610931492514278,240,120
23,rand2,contrastive+natsd,0.05,-0.20838194227333204,240,120
23,rand2,contrastive+seedname,0.05,-0.18172961239727597,240,120
23,rand3,contrastive,0.02,0.14218929867927405,240,120
23,rand3,contrastive,0.05,0.36915516052985325,240,120
23,rand3,contrastive+natsd,0.02,0.05841811120745756,240,120
23,rand3,contrastive+natsd,0.05,0.0023791013830640143,240,120
23,rand3,contrastive+seedname,0.05,0.043193191380795325,240,120
23,rand4,contrastive,0.02,-0.122102788331522,240,120
23,rand4,contrastive,0.05,-0.4507752238137178,240,120
23,rand5,contrastive,0.02,0.03927971140581831,240,120
23,rand5,contrastive,0.05,0.15699959313842976,240,120
23,rand6,contrastive,0.02,-0.08317919302956582,240,120
23,rand6,contrastive,0.05,-0.3334250805859623,240,120
23,rand7,contrastive,0.02,0.031962418944046715,240,120
23,rand7,contrastive,0.05,-0.100392105671423,240,120
23,shuf0,contrastive,0.02,-0.0921930593881772,240,120
23,shuf0,contrastive,0.05,-0.43534697265180566,240,120
23,shuf0,contrastive+natsd,0.02,-0.12390187940600715,240,120
23,shuf0,contrastive+natsd,0.05,-0.5151373208798163,240,120
23,shuf1,contrastive,0.02,-0.03909199294269698,240,120
23,shuf1,contrastive,0.05,-0.3347101528244315,240,120
23,shuf1,contrastive+natsd,0.02,-0.049942456104317114,240,120
23,shuf1,contrastive+natsd,0.05,-0.3301893111145317,240,120
23,shuf2,contrastive,0.02,0.27656946448884584,240,120
23,shuf2,contrastive,0.05,0.3281198348045629,240,120
23,shuf2,contrastive+natsd,0.02,0.3612507833930979,240,120
23,shuf2,contrastive+natsd,0.05,0.08795144049635896,240,120
23,top0,contrastive,0.02,0.21786554813960754,240,120
23,top0,contrastive,0.05,0.5219471257120397,240,120
23,top0,contrastive+natsd,0.02,0.06584716734263117,240,120
23,top0,contrastive+natsd,0.05,0.222968780474513,240,120
23,top1,contrastive,0.02,-0.09881793825549837,240,120
23,top1,contrastive,0.05,0.08734578451786686,240,120
23,top1,contrastive+natsd,0.02,-0.031014271724056654,240,120
23,top1,contrastive+natsd,0.05,-0.051961559728925306,240,120
23,top2,contrastive,0.02,0.330421856731482,240,120
23,top2,contrastive,0.05,0.6961836283775698,240,120
23,top2,contrastive+natsd,0.02,0.08482726159229058,240,120
23,top2,contrastive+natsd,0.05,0.18309870602548978,240,120
26,probe,contrastive,0.02,0.5506716472906549,240,120
26,probe,contrastive,0.04,0.7366282067922882,240,120
26,probe,contrastive,0.05,0.7388737285522492,240,120
26,probe,contrastive,0.06,0.7186112096106897,240,120
26,rand0,contrastive,0.05,0.25166463415381474,240,120
26,rand0,contrastive,0.06,0.27014687864888853,240,120
26,rand1,contrastive,0.05,-0.012804710010209771,240,120
26,rand1,contrastive,0.06,-0.038424878019985294,240,120
29,probe,contrastive,0.02,0.20157415824309635,240,120
29,probe,contrastive,0.04,0.2652911985667601,240,120
29,probe,contrastive,0.05,0.24571304620169424,240,120
29,probe,contrastive,0.06,0.1719658571824679,240,120
29,rand0,contrastive,0.05,-0.00425213819547081,240,120
29,rand0,contrastive,0.06,0.010463474245367026,240,120
29,rand1,contrastive,0.05,-0.012951810888680481,240,120
29,rand1,contrastive,0.06,-0.009778391924146016,240,120
32,probe,contrastive,0.02,0.07780612984468711,240,120
32,probe,contrastive,0.04,0.13076547597304525,240,120
32,probe,contrastive,0.05,0.14961723935661048,240,120
32,probe,contrastive,0.06,0.1609644002745494,240,120
32,rand0,contrastive,0.05,0.08218669527197991,240,120
32,rand0,contrastive,0.06,0.09696597044773902,240,120
32,rand1,contrastive,0.05,-0.013495243215393783,240,120
32,rand1,contrastive,0.06,-0.015967280124958533,240,120
35,probe,contrastive,0.05,0.02242602662110904,240,120
38,probe,contrastive,0.05,0.004634160099527574,240,120
41,probe,contrastive,0.05,-0.003228213590416294,240,120
44,probe,contrastive,0.05,0.002200105482438516,240,120
47,probe,contrastive,0.05,-0.005728522261072466,240,120
50,probe,contrastive,0.05,-0.015794939865628542,240,120
53,probe,contrastive,0.05,-0.009926303049458811,240,120
56,probe,contrastive,0.05,-0.0021247758786380844,240,120
59,probe,contrastive,0.05,0.0007404549639694947,240,120
