layer,dir,mode,c,n_pairs,P_A_plus,P_A_minus,P_A_zero,swing,ci_lo,ci_hi,mass_plus,mass_minus
23,cov0,a_only,0.05,120,0.5777176429033185,0.53818526032638,,0.03953238257693846,-0.009797208812172359,0.0850238473911738,0.9874985,0.9882006666666666
23,probe,a_only,0.05,120,0.779026506857564,0.12208828792213461,,0.6569382189354295,0.6010135976977262,0.7141120122804059,0.9998642916666667,0.9569042083333333
23,rand0,a_only,0.05,120,0.5823787886163172,0.44832028189215645,,0.13405850672416061,0.08447166388453965,0.18712770190044,0.9876962916666667,0.987438625
23,rand1,a_only,0.05,120,0.4398317298993083,0.5832948822865301,,-0.1434631523872218,-0.1935803615935172,-0.09392914691262227,0.9875061249999999,0.9874962916666666
20,cov0,contrastive,0.02,120,0.5967681123046551,0.615986776696961,,-0.019218664392305997,-0.04524234023879113,0.004114786352375249,0.9875006249999999,0.9875047083333333
23,cov0,contrastive,0.02,120,0.6073766686254785,0.607408327030387,,-3.16584049087761e-05,-0.04056215934888424,0.03921706243461336,0.9875112916666667,0.9862800416666667
20,cov0,contrastive,0.05,120,0.5974258619014302,0.625363267101889,,-0.027937405200458947,-0.06983025220017626,0.011188808453379244,0.9875002916666666,0.9883869583333333
23,cov0,contrastive,0.05,120,0.6198655370726683,0.6433744756981675,,-0.023508938625499312,-0.09454484856368629,0.042290898183697294,0.9916644166666667,0.9875040833333333
20,cov1,contrastive,0.02,120,0.5947912123659539,0.5990551170737372,,-0.004263904707783097,-0.038078583104918906,0.027320167885781926,0.9877973333333333,0.9873359583333332
23,cov1,contrastive,0.02,120,0.6276312005241207,0.5862804821798887,,0.04135071834423192,0.014039426167152775,0.06923809302709176,0.9875003333333333,0.987507125
20,cov1,contrastive,0.05,120,0.5735472395507568,0.6345630700251214,,-0.06101583047436459,-0.12112606824358538,-0.010243375195925603,0.991069,0.988306125
23,cov1,contrastive,0.05,120,0.6477130362237792,0.5388304812844835,,0.10888255493929572,0.05805746168416017,0.16444496602131362,0.9875001666666667,0.9877897916666666
20,cov2,contrastive,0.02,120,0.6249148183771287,0.5816466145655911,,0.04326820381153769,0.01335803831240684,0.07455804282649144,0.9871616666666667,0.9876627083333334
23,cov2,contrastive,0.02,120,0.6057336825635758,0.6307847584211589,,-0.025051075857583052,-0.07014152434742972,0.016668180448805636,0.9875010416666666,0.987436125
20,cov2,contrastive,0.05,120,0.6533493857596642,0.49859214044708955,,0.15475724531257473,0.1040141091858856,0.20645348041582498,0.9842954166666668,0.9912309583333333
23,cov2,contrastive,0.05,120,0.5784912592308807,0.6690054750737077,,-0.09051421584282698,-0.16134125014936457,-0.022923142393002163,0.9874893750000001,0.9893530416666666
23,low0,contrastive,0.02,120,0.6365732092037706,0.5949610034084178,,0.041612205795352845,0.0064185698541745955,0.07607454732975397,0.9875204583333334,0.9874980416666667
23,low0,contrastive,0.05,120,0.6589387654513958,0.5619170575329545,,0.0970217079184413,0.03554274032386032,0.16207357730644206,0.9878505000000001,0.9875023333333334
23,low1,contrastive,0.02,120,0.5431242344085042,0.6687316656229126,,-0.1256074312144085,-0.16320812132957527,-0.08942225462406156,0.9874995833333333,0.9875886666666667
23,low1,contrastive,0.05,120,0.5263048464234265,0.6999586616471775,,-0.1736538152237511,-0.22189944129373138,-0.1251821647264955,0.9875015,0.9916665833333334
23,low2,contrastive,0.02,120,0.5789199494037901,0.6553848878235525,,-0.07646493841976242,-0.11270133868517414,-0.0424246747215465,0.9908359583333334,0.987500125
23,low2,contrastive,0.05,120,0.49680572607511136,0.7493674406987709,,-0.25256171462365956,-0.3107658555492058,-0.19684525674226142,0.9917069166666667,0.9875
14,probe,contrastive,0.02,120,0.6118520656542128,0.6004671613015125,0.6064187774340887,0.011384904352700268,-0.014820732937816996,0.035983975398978976,0.9875010000000001,0.9875415833333333
17,probe,contrastive,0.02,120,0.6132198824455244,0.580535205134107,0.6064187774340887,0.03268467731141744,-0.010175750041967692,0.08301624465187042,0.9846475,0.9902030416666666
20,probe,contrastive,0.02,120,0.769933138981698,0.3874962042850762,0.6064187774340887,0.3824369346966219,0.3207921678838897,0.4470882077015551,0.9836079583333334,0.9916663333333333
23,probe,contrastive,0.02,120,0.9068681274056305,0.11895979756866502,0.6064187774340887,0.7879083298369653,0.7257158245740206,0.8471817814663208,0.9836225833333334,0.9916082083333334
26,probe,contrastive,0.02,120,0.8185803911991412,0.26790874390848635,0.6064187774340887,0.5506716472906548,0.47451460634280174,0.623257823204672,0.9866167083333333,0.9895430416666666
29,probe,contrastive,0.02,120,0.7319284808755308,0.5303543226324343,0.6064187774340887,0.20157415824309638,0.15471498383124807,0.24781343814584467,0.9874707083333334,0.9875035
32,probe,contrastive,0.02,120,0.6472778585929434,0.5694717287482564,0.6064187774340887,0.07780612984468711,0.052896565143575075,0.1057890929413748,0.9875015833333334,0.9875005416666667
14,probe,contrastive,0.04,120,0.6216682995045976,0.601517482453966,0.6064187774340887,0.020150817050631452,-0.014241860078466104,0.05291182071968904,0.9885441666666668,0.9916597916666666
17,probe,contrastive,0.04,120,0.6680303424196391,0.5508792495422007,0.6064187774340887,0.11715109287743847,0.06001814820234439,0.18119145872585077,0.9957952916666667,0.995833375
20,probe,contrastive,0.04,120,0.8910880360229598,0.15262411449140556,0.6064187774340887,0.7384639215315542,0.6708975459655727,0.8008084426347787,0.990307875,0.9916528333333333
23,probe,contrastive,0.04,120,0.975609993482423,0.023529987358489067,0.6064187774340887,0.9520800061239337,0.915903227747399,0.9831904264315013,0.99396575,0.9958502083333334
26,probe,contrastive,0.04,120,0.8955145632673079,0.15888635647501967,0.6064187774340887,0.7366282067922881,0.66791331542079,0.8026160753893871,0.9874430833333333,0.9916668333333334
29,probe,contrastive,0.04,120,0.78660427512768,0.52131307656092,0.6064187774340887,0.26529119856676003,0.21109196532881702,0.3221115097713392,0.98747975,0.9875196666666667
32,probe,contrastive,0.04,120,0.6845611851699782,0.553795709196933,0.6064187774340887,0.13076547597304522,0.09436230590341628,0.1698865502894748,0.987499125,0.9875005416666667
2,probe,contrastive,0.05,120,0.6039026672783848,0.6146648312567417,0.6064187774340887,-0.01076216397835696,-0.0367337910265124,0.012420172346940673,0.9875010833333333,0.9875059583333333
5,probe,contrastive,0.05,120,0.5893768181974207,0.6296381870908563,0.6064187774340887,-0.040261368893435484,-0.06750908130136095,-0.012192564625704123,0.9875028333333333,0.9875073333333333
8,probe,contrastive,0.05,120,0.5489828094914965,0.6399785214069088,0.6064187774340887,-0.09099571191541234,-0.13164753698473627,-0.052941523461143496,0.9884637083333333,0.9916664583333333
11,probe,contrastive,0.05,120,0.6025270547738207,0.6040621786647442,0.6064187774340887,-0.0015351238909235324,-0.03720458224581018,0.036487448580107044,0.98753775,0.98751275
14,probe,contrastive,0.05,120,0.6183415248090403,0.5979265280885862,0.6064187774340887,0.020414996720454152,-0.01836937980404998,0.061051546849153,0.9915834166666666,0.99166675
17,probe,contrastive,0.05,120,0.726434090087112,0.49000030975519854,0.6064187774340887,0.23643378033191348,0.17288186593379132,0.31258992379108436,0.99613775,0.99583775
20,probe,contrastive,0.05,120,0.9216086828535973,0.09447714013303674,0.6064187774340887,0.8271315427205608,0.767019800565325,0.884800065093237,0.9920609166666667,0.9939084166666667
23,probe,contrastive,0.05,120,0.9879323736945431,0.016773585822750993,0.6064187774340887,0.9711587878717921,0.9404251948363502,0.9951523259116695,0.9895120000000001,0.9958341666666667
26,probe,contrastive,0.05,120,0.9018982403397318,0.16302451178748265,0.6064187774340887,0.7388737285522492,0.6705016792493902,0.8009166339953293,0.98751575,0.9916675
29,probe,contrastive,0.05,120,0.7870379956961571,0.541324949494463,0.6064187774340887,0.2457130462016942,0.1960989978172936,0.2955952109502804,0.9875006250000001,0.9875260416666667
32,probe,contrastive,0.05,120,0.6961446221153692,0.5465273827587587,0.6064187774340887,0.14961723935661045,0.11022918991862969,0.1908262966538785,0.9874757916666667,0.9875005833333332
35,probe,contrastive,0.05,120,0.6200354944775583,0.5976094678564493,0.6064187774340887,0.022426026621109037,0.009742057719212988,0.03660909891207353,0.9875006666666667,0.9875006666666667
38,probe,contrastive,0.05,120,0.6117173698597124,0.6070832097601849,0.6064187774340887,0.0046341600995275746,0.00048088347518711425,0.008523671137608973,0.9875004999999999,0.9875010416666666
41,probe,contrastive,0.05,120,0.6135198371712249,0.6167480507616412,0.6064187774340887,-0.003228213590416292,-0.008355860846995121,0.0013871380187843402,0.9875007916666667,0.9875034583333334
44,probe,contrastive,0.05,120,0.6116357192327883,0.6094356137503497,0.6064187774340887,0.0022001054824385153,-0.003992748130442622,0.008079598841863052,0.9875007916666667,0.9875005833333332
47,probe,contrastive,0.05,120,0.6131481289690283,0.6188766512301008,0.6064187774340887,-0.005728522261072465,-0.017420583715522596,0.0051129255425509095,0.98750075,0.9875031249999999
50,probe,contrastive,0.05,120,0.60209018370132,0.6178851235669485,0.6064187774340887,-0.01579493986562854,-0.02792175058574878,-0.005070461815904613,0.9875006666666667,0.9875017916666666
53,probe,contrastive,0.05,120,0.6231098469673436,0.6330361500168025,0.6064187774340887,-0.009926303049458806,-0.020595100087850673,-0.00011409092910277444,0.9875002916666666,0.9875005
56,probe,contrastive,0.05,120,0.6190150551534853,0.6211398310321233,0.6064187774340887,-0.0021247758786380956,-0.005399642424225343,0.0005002151573730302,0.9875012916666667,0.98750175
59,probe,contrastive,0.05,120,0.6068784255260762,0.6061379705621067,0.6064187774340887,0.0007404549639694886,-0.000534940725017094,0.002119529083995401,0.9875010416666666,0.9875010416666666
14,probe,contrastive,0.06,120,0.6206754012818094,0.6022675201561883,0.6064187774340887,0.018407881125621025,-0.026145935903145172,0.06319935932539601,0.99165675,0.9916667916666666
17,probe,contrastive,0.06,120,0.7536691362455957,0.42798111551514567,0.6064187774340887,0.32568802073045,0.2642556645486874,0.3918015304986107,0.9999796666666666,0.9960149166666666
20,probe,contrastive,0.06,120,0.9389019957507506,0.05145705139637724,0.6064187774340887,0.8874449443543734,0.8396076101573343,0.933238471805642,0.9969446666666666,0.9999604166666667
23,probe,contrastive,0.06,120,0.9999471013500963,0.004309363458366692,0.6064187774340887,0.9956377378917296,0.9871602830767213,0.999953559896826,0.983006125,0.995831375
26,probe,contrastive,0.06,120,0.8928513865254727,0.17424017691478297,0.6064187774340887,0.7186112096106897,0.650517949139197,0.7813489171145332,0.9877939583333333,0.9916704583333333
29,probe,contrastive,0.06,120,0.7593455059980276,0.5873796488155597,0.6064187774340887,0.1719658571824679,0.12783312645939404,0.218416748593232,0.98750225,0.9875622083333333
32,probe,contrastive,0.06,120,0.7050136444246005,0.5440492441500512,0.6064187774340887,0.1609644002745494,0.11942540041618682,0.20517577146092209,0.9874210833333333,0.9875005833333332
14,rand0,contrastive,0.05,120,0.6223941019484964,0.6008567058339955,0.6064187774340887,0.02153739611450105,-0.005487770803794422,0.05074470046298129,0.9878830416666666,0.9910970833333332
17,rand0,contrastive,0.05,120,0.5112263113278336,0.7219967445589999,0.6064187774340887,-0.21077043323116637,-0.2610540182973812,-0.15791765445030723,0.9875199166666666,0.9916664999999999
20,rand0,contrastive,0.05,120,0.6569570439521162,0.5956494761524734,0.6064187774340887,0.06130756779964277,0.01274845800770928,0.11317007650243092,0.98977325,0.9916622916666665
23,rand0,contrastive,0.05,120,0.7597329440428325,0.47343744167001756,0.6064187774340887,0.286295502372815,0.2249520895978273,0.3463108364915413,0.987500125,0.9916662916666666
26,rand0,contrastive,0.05,120,0.7453333763610739,0.4936687422072591,0.6064187774340887,0.25166463415381474,0.1962912812509354,0.30913629576311263,0.987496875,0.9874999166666666
29,rand0,contrastive,0.05,120,0.6092947629441811,0.6135469011396518,0.6064187774340887,-0.004252138195470807,-0.022475577688528956,0.014255118911515373,0.9875027499999999,0.987502125
32,rand0,contrastive,0.05,120,0.6446975874734666,0.5625108922014868,0.6064187774340887,0.08218669527197991,0.05672121363763022,0.11088713719533438,0.9875016666666667,0.9875006666666667
14,rand0,contrastive,0.06,120,0.6152589405968409,0.6032163147047686,0.6064187774340887,0.012042625892072393,-0.0166063147604958,0.04238049491963707,0.990877375,0.9916630833333334
17,rand0,contrastive,0.06,120,0.4792530892296408,0.7327296351360908,0.6064187774340887,-0.25347654590644997,-0.31000431820453783,-0.19220318038698433,0.9882992083333334,0.9916689583333334
20,rand0,contrastive,0.06,120,0.6541973037101855,0.6160075348442736,0.6064187774340887,0.038189768865911855,-0.01710992143084852,0.0940755921189674,0.992922,0.9916730833333334
23,rand0,contrastive,0.06,120,0.7822970626254045,0.43649344525931616,0.6064187774340887,0.3458036173660883,0.28305926719940183,0.4085256871760678,0.9875010833333333,0.9916601249999999
26,rand0,contrastive,0.06,120,0.7723175184735768,0.5021706398246883,0.6064187774340887,0.27014687864888853,0.21405630439307763,0.32929617020527735,0.987432875,0.9874998749999999
29,rand0,contrastive,0.06,120,0.6212584556700785,0.6107949814247114,0.6064187774340887,0.010463474245367022,-0.008771046791089051,0.03201609360381649,0.9875027916666668,0.9875027083333333
32,rand0,contrastive,0.06,120,0.652241202366003,0.555275231918264,0.6064187774340887,0.09696597044773902,0.06809163331235946,0.12906848380075928,0.9875017083333333,0.9875004999999999
14,rand1,contrastive,0.05,120,0.6181505171238757,0.6020263918590314,0.6064187774340887,0.016124125264844105,-0.013555013093785945,0.043461736332079656,0.9875072916666667,0.9876382083333333
17,rand1,contrastive,0.05,120,0.6214600258445173,0.6193816815748359,0.6064187774340887,0.002078344269681531,-0.04281687844735756,0.04984412171293479,0.9916666666666667,0.992297125
20,rand1,contrastive,0.05,120,0.5479072125274977,0.6263162992988671,0.6064187774340887,-0.07840908677136953,-0.12031795216905133,-0.038710537866858616,0.9916155,0.9900706666666667
23,rand1,contrastive,0.05,120,0.45760841376468436,0.6606306098262138,0.6064187774340887,-0.20302219606152944,-0.28509303612989434,-0.12108150508791057,0.9875100833333335,0.9877927083333333
26,rand1,contrastive,0.05,120,0.5627684212245486,0.5755731312347583,0.6064187774340887,-0.012804710010209762,-0.05891929895387577,0.032956699797869346,0.9876406666666667,0.98749975
29,rand1,contrastive,0.05,120,0.6060310336881229,0.6189828445768036,0.6064187774340887,-0.012951810888680481,-0.03986373165416126,0.013804496786235462,0.9875047499999999,0.9875004999999999
32,rand1,contrastive,0.05,120,0.5959739198579144,0.6094691630733081,0.6064187774340887,-0.013495243215393788,-0.028130649524553405,-0.0012920114654872874,0.9875008333333334,0.9875020833333333
14,rand1,contrastive,0.06,120,0.624823170417727,0.5997429825991557,0.6064187774340887,0.025080187818571142,-0.007440618970360835,0.05595341448293193,0.987515375,0.9885134583333333
17,rand1,contrastive,0.06,120,0.6256233187595721,0.6169485598153055,0.6064187774340887,0.008674758944266699,-0.031878922093339444,0.055117897560581074,0.9916667083333334,0.9957704583333334
20,rand1,contrastive,0.06,120,0.5066931480171174,0.6184288662326783,0.6064187774340887,-0.1117357182155609,-0.1623852713575053,-0.05790466835737366,0.9914904583333334,0.9916589583333334
23,rand1,contrastive,0.06,120,0.41826851624804556,0.6619213518718793,0.6064187774340887,-0.24365283562383375,-0.3204729643570429,-0.16056792949530868,0.9875132499999999,0.9911496666666667
26,rand1,contrastive,0.06,120,0.5516928908514003,0.5901177688713856,0.6064187774340887,-0.038424878019985294,-0.08495932602141137,0.008737447617275062,0.9879605833333334,0.9874982499999999
29,rand1,contrastive,0.06,120,0.6139226050262856,0.6237009969504316,0.6064187774340887,-0.009778391924146012,-0.04010357501500051,0.01917827302925428,0.9874695416666667,0.98750025
32,rand1,contrastive,0.06,120,0.5938320893629843,0.609799369487943,0.6064187774340887,-0.01596728012495854,-0.03307871771289044,-0.0006806773321182248,0.9875008333333334,0.9875020833333333
20,rand2,contrastive,0.02,120,0.668141616559911,0.5479830811007638,,0.12015853545914723,0.08128611889475319,0.15969512032898087,0.9875000833333334,0.9878954583333334
23,rand2,contrastive,0.02,120,0.6646618103102525,0.5287099294926085,,0.135951880817644,0.09444990096535683,0.1822657804661856,0.9875071666666667,0.9875028333333333
20,rand2,contrastive,0.05,120,0.7185432447291109,0.42165610694118255,,0.2968871377879285,0.23025696599152803,0.36687728797569163,0.9875029166666667,0.9915027916666667
23,rand2,contrastive,0.05,120,0.8207228260887102,0.3027547665949765,,0.5179680594937336,0.44848532972237826,0.5866790632591682,0.9878392083333334,0.9915552083333333
20,rand3,contrastive,0.02,120,0.5823353447712752,0.6283851035530054,,-0.046049758781730184,-0.07708332017462577,-0.01569469031935,0.9875015416666667,0.9875024583333333
23,rand3,contrastive,0.02,120,0.6810446516989909,0.5388553530197168,,0.14218929867927407,0.10316942842458086,0.1828919094546002,0.98750075,0.9876040833333334
20,rand3,contrastive,0.05,120,0.47662432883683614,0.6784136551005263,,-0.2017893262636902,-0.25857964411249795,-0.14618486894514623,0.9911778333333333,0.987921
23,rand3,contrastive,0.05,120,0.759789963191771,0.39063480266191775,,0.3691551605298532,0.30826629882939577,0.43117757942717,0.9875031666666667,0.9899903333333333
20,rand4,contrastive,0.02,120,0.6090674312222865,0.6027385109330441,,0.006328920289242456,-0.029341951889996668,0.03926900782455389,0.9869277083333333,0.9875170833333333
23,rand4,contrastive,0.02,120,0.531298429803013,0.6534012181345351,,-0.12210278833152198,-0.1705980625078856,-0.07529008438823821,0.9875002083333333,0.9913730416666666
20,rand4,contrastive,0.05,120,0.5561944789915987,0.5700984627351992,,-0.01390398374360035,-0.06597006750280654,0.03318553295057843,0.9914367916666667,0.9935132916666667
23,rand4,contrastive,0.05,120,0.33490962491768267,0.7856848487314003,,-0.4507752238137178,-0.5207156260766403,-0.38108528907213574,0.9875081666666666,0.9916668333333334
20,rand5,contrastive,0.02,120,0.5692098301921581,0.6374862235474946,,-0.06827639335533643,-0.10571852401690479,-0.03245113644822602,0.991524125,0.9874993750000001
23,rand5,contrastive,0.02,120,0.6068409087331174,0.567561197327299,,0.039279711405818304,0.005641838635324646,0.07593406817375914,0.987494,0.987500375
20,rand5,contrastive,0.05,120,0.5111099998083931,0.6760656089965884,,-0.16495560918819532,-0.21909161601872604,-0.11158406997579755,0.9916594166666667,0.9875302916666667
23,rand5,contrastive,0.05,120,0.6003496072633304,0.4433500141249006,,0.15699959313842976,0.09632452402274079,0.22004027206553214,0.987519,0.989560875
20,rand6,contrastive,0.02,120,0.6039932048686976,0.6152345178624201,,-0.01124131299372259,-0.04662648546555628,0.024253503560839516,0.9875002916666666,0.9887986249999999
23,rand6,contrastive,0.02,120,0.5624490078257914,0.6456282008553573,,-0.08317919302956582,-0.12541217687756753,-0.04531395213518463,0.9877930833333333,0.9875000833333334
20,rand6,contrastive,0.05,120,0.5997149168622118,0.6004746252506489,,-0.0007597083884368971,-0.06036666357257399,0.05466627935720238,0.9875009583333333,0.9916725416666666
23,rand6,contrastive,0.05,120,0.4073317467975109,0.7407568273834731,,-0.3334250805859623,-0.4008124433533515,-0.26712744624174656,0.9916668333333333,0.9875
20,rand7,contrastive,0.02,120,0.590269930113498,0.6181038764722504,,-0.02783394635875236,-0.06324888153741418,0.004862162409249628,0.9875057916666667,0.9875044583333333
23,rand7,contrastive,0.02,120,0.627849662622296,0.5958872436782492,,0.03196241894404671,0.0019379760782294155,0.06188014536926677,0.9874987083333333,0.9875900000000001
20,rand7,contrastive,0.05,120,0.5984253387725692,0.6236756958698216,,-0.02525035709725254,-0.09256940400121963,0.043186452640022174,0.9914590000000001,0.9916655
23,rand7,contrastive,0.05,120,0.5661790192748538,0.6665711249462767,,-0.10039210567142301,-0.15805601436851777,-0.04365625385339311,0.9875011666666667,0.99161675
20,shuf0,contrastive,0.02,120,0.560101977084804,0.6402020400959593,,-0.08010006301115516,-0.1310455337732992,-0.03046178741585345,0.9875002083333333,0.9916478333333333
23,shuf0,contrastive,0.02,120,0.5735059917483845,0.6656990511365617,,-0.0921930593881772,-0.14889357872096798,-0.043401455467234014,0.9915175833333334,0.9874996666666667
20,shuf0,contrastive,0.05,120,0.47093541510991865,0.5935302626299,,-0.1225948475199814,-0.20181963047666282,-0.04174332927539403,0.9915445833333333,0.995833375
23,shuf0,contrastive,0.05,120,0.34484429422975116,0.7801912668815568,,-0.43534697265180555,-0.5061715279319007,-0.3671155002841168,0.9918671666666666,0.9875030416666667
20,shuf1,contrastive,0.02,120,0.6302315957481651,0.5961386836920669,,0.03409291205609823,-0.008164178257122606,0.08007994914702411,0.9875017083333333,0.9894715833333334
23,shuf1,contrastive,0.02,120,0.5834669554185967,0.6225589483612936,,-0.03909199294269698,-0.0838210076131246,0.0031271259237427335,0.9914911666666666,0.98749975
20,shuf1,contrastive,0.05,120,0.5040005576072606,0.5926619917731316,,-0.08866143416587104,-0.14915619930615226,-0.026148319228348017,0.9915087916666666,0.995929125
23,shuf1,contrastive,0.05,120,0.33905433593263357,0.6737644887570651,,-0.3347101528244315,-0.4069821914558042,-0.265675877207346,0.99158825,0.9874987083333334
20,shuf2,contrastive,0.02,120,0.6535042199215347,0.5897632660459547,,0.0637409538755801,0.021996734285104465,0.1078805177737803,0.987501625,0.9879600833333334
23,shuf2,contrastive,0.02,120,0.7484061789073891,0.47183671441854336,,0.27656946448884584,0.21742092084202752,0.3370669841214628,0.9874872499999999,0.9916646666666666
20,shuf2,contrastive,0.05,120,0.7216222256464578,0.5148516002506925,,0.20677062539576527,0.14418901017831814,0.274822465356705,0.9912285416666667,0.996273625
23,shuf2,contrastive,0.05,120,0.7726929579949343,0.44457312319037146,,0.3281198348045629,0.2577456377119688,0.40348901239130347,0.98759325,0.997137
23,top0,contrastive,0.02,120,0.7264011632693899,0.5085356151297823,,0.21786554813960757,0.16692413286747845,0.27578917789803925,0.98592925,0.9916645000000001
23,top0,contrastive,0.05,120,0.8453876835130386,0.32344055780099884,,0.5219471257120397,0.45178339186129496,0.5928217484981361,0.9885342916666666,0.991667375
23,top1,contrastive,0.02,120,0.5617537251223413,0.6605716633778397,,-0.09881793825549835,-0.143166336634393,-0.05586914447525622,0.987569375,0.9875000833333334
23,top1,contrastive,0.05,120,0.6357218133222418,0.548376028804375,,0.08734578451786686,0.030209967640026727,0.14243104974023202,0.98798725,0.9874999583333334
23,top2,contrastive,0.02,120,0.7400533298006287,0.40963147306914666,,0.330421856731482,0.2685774401370002,0.39006342888446843,0.9875008750000001,0.9881105
23,top2,contrastive,0.05,120,0.8460046403784861,0.14982101200091627,,0.6961836283775699,0.6228902900444885,0.7644961436821248,0.9914873750000001,0.9902925
